cell_id,cell
0,GCCATTTATCATGCG
1,TTATGAACCCTAGTC
2,GATCCGAACTAGGGA
3,CTCTGAGCTGACTAC
4,AAAGACCATGTCGAA
5,TGATTGACCTCTCAC
6,CCGAGGTGCCGGGCA
7,TGCCCTATATGTAAT
8,CCCACGCGGCAAGAT
9,TTGATCCGCGTATCT
10,CGAAGACAATATTAT
11,CAAGGTTACGACATC
12,TCGCGTAAACGTGAA
13,TGCATCGCATCGTCG
14,CGTGTAAAAAGGAGC
15,TATGGACCGTTCGTG
16,GCCCATACTGTATGT
17,TCATCCGATAGCTCC
18,AACGTTTTTACACCG
19,TGAAACATCAACAAG
20,CCTGGTGCAAGAGTC
21,CGGCTTTGGTTACTA
22,AAAAGGGCAGAGATC
23,ATATCAGAACGGTAT
24,AGAATTACCGGTCCC
25,TGATACTTCGTGGGT
26,CATATATGAATAGAT
27,GGCCTTACCTGGCCG
28,GGAAAGGATCACTCG
29,GGCCTATCAGATAAA
30,AGCGACGGGACAAAG
31,AATATAGCCTGCTCC
32,CGATCACTCGTATAT
33,CGTTGGGCAACATAA
34,GGAGTAGAATATGTG
35,GAGACACAGGTGAAT
36,TTAGGCTCAAGGTTT
37,TAATTCGCTGAGGCC
38,GAAGACCCCCAGCTA
39,GACTCAAGGAATTAC
40,ATTTTGTGTATCTCT
41,GGCGGTACGGGTCGG
42,TAGATGTTCGCGCTC
43,GACAACACGGTTCGA
44,ATTGTGGCTGGCGGC
45,CTGGAATAAAGGCCG
46,CTGAGTAAGACGATA
47,ACCCAGCGGCATAGG
48,GGACTCTCTGTCTTT
49,CTGAATAGCCGCACC
50,TTGAGGCCCTGCACA
51,TCCCCTGGGCCACCC
52,GCATATATGAATACG
53,CATATGTTCCACTAA
54,TACGTTGTACTACCG
55,TAGATTCACGTAGGG
56,GCAGATGACAACCCG
57,ATAACGGATGGAATA
58,GAGGAAATTAGCGTA
59,TGCGTTTAGCGTAGA
60,AGCATTGACGAAATT
61,AGTGAGTCCTCCAAC
62,ATAGGGACTCCCCGG
63,GGGCATCAGGAGTGG
64,CTTCCCATTTCCGGT
65,AGCAGCTAACTTGGA
66,AGCACAGGCCCCCAG
67,GCCACGCGTGATCCT
68,GTCTACCCTGTTACA
69,GACAGCGAGTTAATC
70,GGACCTCGGAATTAA
71,CATCTGTACCATTAG
72,TATGCAGGTTTTGTG
73,CTTGGCGGCATCTAG
74,GGGAAGTTGGATCAC
75,TTGAATTGAACATTC
76,CAGAACCAGCCTGGT
77,AGTAGTGGAATCCTT
78,GCGGGATCATTACGC
79,ATAGGATTGAGACCC
80,GCGATTTATCCGTGC
81,AAGCGGGCCTAATTA
82,AGCAGTTACACGGAA
83,CATGGCCCAGTATGG
84,CATTCTAATAATAGC
85,CGCACCAGCACCCCG
86,ATCGAACAGTAGGTG
87,CACTACCACGATACG
88,AGGGACACCCTGAGT
89,CAAGTCTACTCTGAC
90,AACCACACTCTTTAG
91,ATTCGCTCGTGCATG
92,CTTTTCGTGCACGTT
93,ATGCCCCCCCCGGAT
94,GGATGACGTCACCTG
95,GAATCAGGGGAGACA
96,CTTTCTGTTGGTAGA
97,AAACCTCATGTCAGC
98,AGCGTGGTCATCGTT
99,GTTGAAAGGGCCTGC
100,CGGAGCCCTTACACC
101,ATACTGAGGCGGAGG
102,TGGAAGTGATTACGC
103,GGGGGGCCGATTTTT
104,CTGAGATCATTGTTT
105,GGGGTCCTGACCCGC
106,TCTCTAACTTAAGAG
107,CCCCGGGCAATTTAC
108,ACAGCGGCACATCTT
109,ACTCGAAGAGTGATC
110,CAGAATCGACACACT
111,ACGTATTGATCAACA
112,TATAGCGCCGCGCAG
113,ATCTCCGGTCACTTT
114,AGGTGTTGTCCCCGA
115,ATTTCGCACTTTTGG
116,GGTTGTTTGAAGACT
117,TGTGAGCAAACTGGA
118,GGGCCGAACAGCTGC
119,ACAGCTTATTTCGTT
120,TATTCGCCGTCGACC
121,CGGGAACTACCTTAG
122,AGGGTGCTCAACGTT
123,GCCTGTAATGACTGG
124,GCACTGCAAGGTTGG
125,GCCGGTTTTCCTACG
126,GGCCTCTCCATGTCG
127,TGTTTCTCGGGTTTC
128,TTGGGACTATGGCAG
129,TGCGACGAGTGGCAA
130,TTATAGAAATTGACA
131,ATCTTACGCGTGTAT
132,GCCTCCACGATCACT
133,ATGTGTACAAAACCA
134,GTTGGGGCCGACTAT
135,CTGGATCGCACAAGG
136,TCGTATCTCAGTGAG
137,GCTTGTTCGAGTGCG
138,GCAACTTATAGACTC
139,CCACGGTTGACGGTA
140,GTGGGCTCGTTTCGA
141,TAACTTAGCTGGTTT
142,GTCAGCCCCTACATT
143,GAATCTTGGTTAAGA
144,GGATCATTATAAAAC
145,CCGCCACGTATCATG
146,GTACACCAGAAGTTT
147,GCTTTGGTGCCTACA
148,GCGGGAAACCCCGAC
149,GTAAAATGACCTTAG
150,GGATTAGCACACGCG
151,ATAATGCAAGTGATT
152,CGGCTTATAAACCAA
153,TTGTCGTAAGCCCGG
154,AACGCCAGATCTGGG
155,TGTTCATATATCCGA
156,TATAAAGGTATAACC
157,CCTTCGCGCGTGTTA
158,ATGTAGACCGAGAGT
159,GGGATCGGGGACACG
160,AGTGAAACGGGGCGG
161,GGTGGCGGCCGGAAG
162,GACTCGCTCAAGGTT
163,CATGCGATCTGCCCT
164,GTCAAACTATTAATC
165,TGCGCACCGGTCAAG
166,ACTCCAGAAGTCCCT
167,CATCGCCACTCGCTG
168,TCAAGTGTGGGTTTG
169,CAGCACTTTTCTTCC
170,GTGCTAGGCGCGACA
171,TCTAAAACGAGCCTT
172,GCGTCATCCGTGCAT
173,GTGCTGCTCGTTTCA
174,CCCCGATGAGAAGTC
175,TTGCGACGGAGTAAC
176,ATGAAGTCTATCACC
177,ACGAAACTCCCAAAA
178,GAATGACTTAACGGG
179,GTAAATAGCCCTAGG
180,CTTGTTGTGTTTTTG
181,TGTGGTGGTTTACGA
182,TGTCTGACCATAGGG
183,AACAGCAATCTTAGT
184,TCTCTCCAACACCAG
185,GCCATGAAAGGACGA
186,CCAAATGAATAAAAA
187,CGGAACGTGGTAACG
188,ATATTCAGCGTGACT
189,TACTGGCTGAGTTCT
190,CCCTGCCGATTGACG
191,TAGCCTGCGGTAATC
192,CAACTCATTATCCTG
193,TCACCGCAGAGATAA
194,GATAGCCCCTCGACT
195,AGTTTCGAGGTACCA
196,TCACTGCAGACCTAT
197,CATCGAAGAAGAGTA
198,TAGCTCACTCTGGAT
199,CGGGCTAAATTCCGA
200,CTGCGCGTGGGTCAG
201,TGGATCCCTATCGGA
202,TCGGTTCAAGTCCGG
203,TCACCTTAGAGCGTC
204,TATTTTTGCCCGACT
205,CTGAGCGACCCGCGA
206,TAACAGTAACTATCC
207,CGTGCAATATTACCG
208,TCCTACAGGGGGAGG
209,TAACGTAACGTCTAG
210,CCCTATCACCGCTTT
211,TCCGATGGGACAGCT
212,TATTCACTAATGGCC
213,CTTGATAGATTTCAT
214,GTGGTTCTAATATTG
215,AATATGAATGGCAGC
216,TATGAGGTGCTGATT
217,TACCTGGGTGGTTAT
218,TTTTCGTATGGTATC
219,CGTGCGAGGGGATCC
220,AAGTTCTGACCTAGG
221,CGCGACCGGCAATAG
222,ATCCCATGTAGGTGG
223,TCTCGACTTATTTGA
224,TCGACCGGCCAGAGT
225,TGGGTAGCTACCGTC
226,GAAGTAGGTCCGGAC
227,CCCACAAACCATACT
228,GCGAATCCGCCAAAG
229,GAGCGGGATGAAGCT
230,CCGATACCGGGGCGC
231,ACAATTTACGCCGTG
232,CCGGCCTCTACTTAT
233,CTAAGGGACATTGTG
234,TATGGAAGTCTCCCT
235,AGCCGTTATCTATTA
236,TGACAAATCTTATAT
237,CTACTCGGTTCGGAT
238,CGCCCCGAAGGTAAA
239,AATGACAAAAGAGGG
240,TTCCCGGAGATACAC
241,GTGGGAGTAGGCTAT
242,CGCTGACGAATCTCT
243,AGTAGGGTCCAATTG
244,GCCATGACTCGATGC
245,TGCTCTGATTTGAAA
246,ACTGGGAGAGACGCG
247,TCAAGGGGGTCTACC
248,ACGTAACCGTAGTTC
249,TGGCATTCTTCGCGT
250,GAGCATTTGTACTGA
251,CCTACGTACGTGCAA
252,AGGTGGCAACGCATT
253,AAGGCTGACGGCCTT
254,CACTCCGGATCTCTC
255,TTGCTATATTTGATA
256,CAGTGGCCTAAGTAA
257,GGGAATCCAGAACTC
258,CGCTAACTAGACTCC
259,AATCGGTTAAAGGAC
260,CACAGGAAATTCCAG
261,CTGGAAGTATTGGAC
262,CCCCGATGTCTGTCT
263,TGTAAAATTCTTTGA
264,CTAGATACTTATGAT
265,GTAGCCCAACCAAGA
266,ATTCAGCGCATAAGG
267,TTGCTGAAGAACGCC
268,GAGGCTCTGTGGTCT
269,TTACATAAGTGAACG
270,TCTAAATTGTCTTGT
271,GTCTCGTGGTTAGGG
272,CTAGCAAAACCCGGG
273,GGGCCCGTTCTACGC
274,TTAGCCAAAACGCAG
275,GTTCAGAAGAGGCTC
276,GTCCCTCGATACATA
277,GGCGAGCTTTTTTAT
278,CTTGATTGAATGAGG
279,GTTGTAAATGAAACA
280,TGAACCGCAGATATG
281,TCCACTTGCCCCTCG
282,CTGTGACGAAGAGAC
283,ATTGGCACCCGGGAA
284,ACTGGATGGTTAAAG
285,CGCCTTCCCGAGCCC
286,CCCCACGTGCTGTGT
287,TAGCAGACCTAGAGA
288,TAGGATGCACTAGGG
289,TTAGTGACGGAGATA
290,TTCTAGACGCCTTTT
291,TTTTTGCGGATAGTG
292,GTGCCAATGTAGGAT
293,CTTTGCAACAGCTTC
294,TTCGGGGCGATACAC
295,GAGCCCGTCATTTCC
296,TACAGTTGCTACTTT
297,ATACGGCACCTTGAT
298,AATTGTATGTCAGGT
299,GCGTTGGACAGGAAA
300,TCAGACGCTCAGAGG
301,TGCACAAACTAGGGA
302,CGCCACGGTGGATCA
303,TGTGGTATTTTAGTG
304,CGGCCAACTTTGCCA
305,CTGAGCATGTTTTAA
306,AATTAGAAAGGCTAT
307,CTAGTCGTACTTGTG
308,TAAAAGCGGTCGGAA
309,TGCTTCTGTTTGAAG
310,CATTGTTATTGCGAT
311,CTGCTAGGTGCGTCG
312,CTGATTGGCTACTAA
313,CGTCCGAGCTTCCCT
314,TTTCAAGTCTGAAAC
315,CACACCTGCACAGCT
316,TGCGTGCACACGGAC
317,AGATGTCGTGTCAAA
318,CGGTGAGGGCTTCCG
319,CACGGGTATGGCGTT
320,CATAGGGAACTTCTG
321,TACTTCAACCGCCAG
322,ATGCTGCTATAACGG
323,ACTTGTCGGGCTACA
324,CCATTTAGTCTATAC
325,AACGACGGGAGGTGG
326,CAATCAACAGGTCGT
327,TAGCAGGTGACGGTT
328,CCGTAAACTACTGCT
329,TACCAGCATACTTCC
330,GAGTACGCCTTATGA
331,ATTTGAGGTGAATCC
332,TTCCGAGCGAGCCCC
333,TTCTTTCTTCGAGCT
334,ATCCAGTATGGATCA
335,CTAGTAGGTGTAACG
336,GTACGCAGCGTTACA
337,TCAATGCGCAGTACC
338,CCCTCTGCAAGTTCG
339,GCCAGTCTTCGTTAG
340,TATCGACGAGAGATG
341,GAGGTGCGGCAACAC
342,CTGCCACCCGTATTG
343,CCAGTGGTTAGACAA
344,GGTCGACGTGGCGAT
345,TAGGGCCTGCAAACG
346,TCACACCCGAAGCCC
347,GCCACGTAACTTGCT
348,CATAGCGCATACTGG
349,CGTACCACTCATTTG
350,CGAAGTCGTAGCAAT
351,AGACCGCTTGATTTT
352,GAGAGATATAGACTA
353,GTTAGGGTCTAATCG
354,TTCTTAATCCTGATG
355,ATCGAATTTTCGGAG
356,CGCGGACGTCAAAAG
357,CGAGGTGTCACGCTA
358,AATACCGAGTGATAC
359,ACGAAGTATGTACCG
360,CGTGACAGCCTAAGC
361,TCACCTCTGACAGGG
362,CTACTCCAACAGCTT
363,TGGCGACGCGTTCTC
364,TTATCTATCCTGTCC
365,CAGGTATCACTCCCG
366,TCATAACTATGCTAA
367,GCCGGGATGACAATC
368,AAATTTGAATGTAAT
369,AATGGCCACAAAAAT
370,CATCGGAATCATTCA
371,AATTTATCGATTTAA
372,CTCCCTATTTGCTAT
373,ATGTCCAGTAGAGTC
374,CCATGGCAAATATCG
375,AGTAGGGCCACGTGG
376,TGCCATCCCGCTGTA
377,GTTTCCTACAATAGT
378,GTGAAGACGAGGCAC
379,TTACCTTTGCCCCGC
380,CATGTTATGTATTAC
381,ATGCATCAAACGACT
382,ACTACCCGTGGCCGG
383,AGCCCGTCATTCAGT
384,GCACTTATCTCTGCA
385,TTGTTCACTCCTACC
386,TAGTCCGTGCTTGGG
387,ATAGGAGCATGCGAA
388,GTGTAACCTAGGGAA
389,CAAGTCCGATCATAA
390,CAAACGTATAGGGTC
391,CCCCCAGTTGGGACG
392,ATCATCCGATTCGGT
393,CCACAATACATCGTC
394,GGTTTAGTGAACGCC
395,AAGTATCACGCCGCA
396,TTCCGGAATCATCTT
397,TCGCCCTCGATCCCG
398,TACTAAAGGGGGATG
399,CCACTCCCGGCAGGA
400,GGTCGAGCTTAGCTT
401,CGCAGGTATTAGTGA
402,ACTGTCACGCATGAC
403,AGGGGTGCGAGAACT
404,TCCCAACAGAAGGCT
405,CTGATTTGGAGTTCG
406,GTAGCATAAAGGGGT
407,TTTCGGAAGGACCCT
408,ACCGATCAATAGAGT
409,GCTAAGAGTCGTGAG
410,GCTCCATCGCGCTCC
411,ACCTTTATCACATAG
412,TTTATTATACCCGCT
413,GCTTTCAGCCTGTTC
414,ACACACGTCATCTCT
415,GATGGCGGTGACATT
416,TCTCACTTAACATTC
417,TCTTTGGTATTGCCG
418,AAGCGGGGCGTATCC
419,GCGCATAAGAAAGGA
420,TTCACAGCTTACAGG
421,GTGTGTCACTCATAC
422,ACGCACTCTCTTTTG
423,CGGGGCGACCCAATT
424,GGGATAACGCTGCCT
425,CTTTTGATTCGATCG
426,AGACCCCGACCCCCA
427,TTATTATAATTGCCC
428,GCTTCGGCCATCGTC
429,AGTAATATCCACTTA
430,TCCCAGTAGGACACG
431,ACGAGTATCGCTTTT
432,CTGTAACTACCTCTT
433,TCTAATTGGCTTCAG
434,AAGATTTTTGACCTC
435,CCCATGTTTACGCAT
436,ATATTATTTGCGTTT
437,TGCTAGTAGTGATGC
438,CAACGGTATCTTCTA
439,AATCTTGGAATTTGC
440,ACGTAGCACCCTCTT
441,ACCGTCGTAATATTC
442,TGAGGAAATATTGTT
443,TCCGAGCAAGGCCTC
444,TGGAAGTAGATTGAC
445,TGTCTTGAAACTCTG
446,GGCCGAATCGTGAGC
447,TACATTGGTCGACCG
448,AAATGGTTTATGAAC
449,CCACCTTATTCGGAT
450,TGAAACTCGCCCCCC
451,GAAACTTACTTCTAC
452,ACACTAGCTGGTACA
453,CGAATAGGATTAATT
454,CGTCCGGGTAACGGA
455,TCAGCTAGCGAAGTA
456,AGGGGTCGTCGGTGT
457,TACGTACTAGCGGCT
458,CCCAGCTCCTGGGGT
459,CTCATTCGGTGGCGG
460,TATCTATTTGCGATC
461,GAAACTTGTTGCCAG
462,GTCTCCCGAGACTTT
463,TGTCACGAATCGTGC
464,TTTATCGCCATGCTT
465,GCTAAGAAGTGTCCC
466,TTGTTCGGATAATTG
467,CCCCGTACGGTTGTT
468,TCATACTGCGCCATC
469,CATTCGAGCCTTTTG
470,TTCCGCTCCGTGCTG
471,TGTTCCAGTCCCGAT
472,CCACCCTCATGCTAT
473,TCATTAATCAGTTAG
474,GCGGCCGTGGGGGAG
475,TGGTTGACATTCAGC
476,CTTTGCAATACAACA
477,CTCTGCCCATTGGTA
478,TGTAATAGTCGTTAA
479,CGTGAATCGTATGCG
480,GGTCTGCGTGGAATA
481,TCACGTGATAAAAAA
482,GCATCAGAACTCAAC
483,GACCGAAAGCGCAAT
484,CCTAGCAGGCCTGTG
485,GCGCGGGTATATCCT
486,AACATGAAAGTATCA
487,AGGGAATTGCATTGT
488,CACAAACACTTAGAC
489,GGCCAGCGACTCGAA
490,AAAGGGGCCAGGGTG
491,TTGCACGCAGGACCC
492,AGCCGGTCTAGCAGC
493,CTGAGATCCAAAATC
494,TCCCCTGGGGCAAAC
495,GAAAATACAGGGTCC
496,GACGCTACGCTCAAG
497,TGGACCGTCGTCGTG
498,CGCCGGGGGATACCA
499,GAAACGAGTTCGTTC
500,AACGGAGTGCTTTGA
501,ACGAGGTGGCCGTCG
502,CTTGAAGGCTGCAGC
503,GCTGGAAACACGGTG
504,CAACCAGACAATCTG
505,GAGATAGTTGCGGTA
506,GCCTAATAAATTACA
507,GCTAGTTCCCTCCCC
508,CTCAAGGCAAGAGTA
509,GCACATGGTAGTCTT
510,ACCCAACCGGCCGTT
511,AATCAAGCAATGGAC
512,GTGGAGATATAGCCG
513,ATACGGACGCTGGTA
514,AGCCACTTGGAATTA
515,GCGCATTGAGCGTAA
516,CTTGGTCATACCACA
517,TCCTCTGACAGCTAA
518,CTCAGATGGGTCCAA
519,TTCGCTCACAAAGCA
520,CGCAGAATTAGTTGG
521,TTGGTAAAAGCTAAG
522,AACTTAAAACCGTCA
523,AGAGAACGGCTGAAA
524,CAGCAGAATACGTTA
525,TGTTAAGTTTACTGG
526,TTCACCTATCATAAA
527,AACCGCCCGAAGAGG
528,AACTTTTAACCTACA
529,ACAGGCGTATCTCTT
530,CCCTTCAGGAACAGG
531,GCGGGGGCTAGGGAC
532,CCACGAATGCGCACT
533,AGTGCACTCAAGGAC
534,TTTTCAAAACGATTA
535,GGAAATTTCACTTGG
536,GCTGGGCAACAAATA
537,CGATGTGGCATACCG
538,TGTTATCGCGGAGAG
539,CATGAAGCATCGCAT
540,TATGCCTAGATATTT
541,TCCTTTACTTTGACG
542,GGGCCCAGAGGAAAG
543,ACTGCGGTAGGGGCA
544,CAGATGGCTCCGTTC
545,CATTTCCAACGTTAT
546,GTCTTCGAGGGATGG
547,GTGAATGTCAATAGC
548,GTCGTGTTCCCATTA
549,ACGTAAGAAACGGCC
550,TCTGTGTACGTGTGG
551,TGGCAATCACGCAAG
552,TTCCCCTTTATTTTC
553,GTAGTCCGCACCGGC
554,TTTGGCCCTGAACCA
555,GGTGTATAAATGTCT
556,CATTTAGTGACCGAG
557,AAATTCACTGAGGTT
558,ATGCGGCCTTGGCTA
559,TGTGATATACTCGGC
560,GACTCCCCAAGGGAA
561,TCCCCTACTAATCTC
562,GACGCATATATTATG
563,AGCGCCATCGCAGAT
564,GATTAGTGAGAAGGA
565,TGGTCCCATTCCAGA
566,AAGTATCTAGCTTAT
567,TAGAATTAAATCTCC
568,CGCAGAGGAGCAGGG
569,AGGAGTGTTTAGGTC
570,TACCGCCAACTCGGT
571,GCAAATATTGCCCCC
572,TGCCCGTGCGGGGGC
573,AAAGCGCACGCAAAG
574,AACGGGAAACTGTTT
575,CTAGGGTTCCCGACT
576,GCCCGCAGTCAGGCT
577,TCGCCGTTGATGGAG
578,ATAGTTACATCCTGT
579,CCGAGCGTGCCGTGC
580,ACTAATCAAAAGATT
581,AAATCAACCTATCTA
582,ATCTAAAAATGGAGG
583,TTGGGGCCACTAAGG
584,CAATAATTAGCTGCG
585,AGGAAGTTTCTGCCC
586,TCTACCACTGCCCGG
587,CCTGTGATACGCACA
588,CATAGTTAAGTCCAC
589,ATGGGCGGCCCAATT
590,CAGCAGGCCGACATT
591,CCATGGCTAGGTTCG
592,AGGTCTTTGGAGACA
593,TAGCCCCTAACCGTG
594,GTCAACAACCCGTGA
595,GGAGAATGCGGGAAA
596,CAGCGGCCTGACTTT
597,TCGCCGGGATCCCTG
598,TGAAGAGGGATCCGT
599,ACGTAACGCCAGGAG
600,TGCCTCCGACAATGA
601,GGCTTCACCCAACCA
602,TTCGCACGATCGAAT
603,ACCCCTAATCCGGAT
604,CGTTAACTGCTGGGA
605,GACCTAATGTGATAG
606,TAGACTTATGTCCTG
607,GCTGAGTTTCAGGGG
608,CCAAAAACGGACGAC
609,TCGATTCTCCCGTTT
610,CTCATTCACGCAAGG
611,ACGTCATAGGCCGTG
612,CCGAGCAAAGTCACG
613,GACGATTTAGTCGGA
614,GCATAGAACGCATCA
615,AACGCCCCGGCCTGT
616,CGCGGCGTGCCTGAG
617,TTTGACTATCGTAAC
618,GAATGTGAACGTGTT
619,TAAAGCATATTAGCC
620,AGGCAGTTTCAAACT
621,GCTCCGGTTTTGCGA
622,ACTCTCTTGATCAAT
623,TCTCCGCTGGTTCCT
624,TCCTGGTTCTGTAAA
625,AGGAAAAATGTAAGT
626,TCGTATGTTGGAGAC
627,CTTGATGCTATCCGT
628,ATATAAGAATGTTCT
629,GGACCTTCGATACCT
630,TCTGGTATCTACGGC
631,TCAAGCTCCCAACGA
632,CCCAGTCCGGCAAGC
633,TCGCGCAATGCGTTT
634,TTGGGGGACCCTCAA
635,GCGTACGGAGCGTAA
636,ACAATAAACGATTAC
637,CTCGAGCACATCCCT
638,GATCAGGGGGCAACG
639,GATGACTGGTCGTAC
640,AGTCTACCAGGTACG
641,CAACTAGCCCCCAGC
642,GATCCGACGTTTACA
643,AGGTGTTAAGGTACC
644,TTCACACCTCATGGC
645,ATGGATCTCAAGACG
646,CACAACTAGGGACCG
647,CGGGGAACGCAATTC
648,ACATTTTATGATAAG
649,AGAATAGCTAAACCA
650,CTTCCACTATGGTAA
651,CGCGCTGGTGGCACG
652,AGAGGAATGTCATCG
653,TCACGCGTCAAGCAT
654,ACCAGGTGGAAAGTC
655,AGTGGCAAGGGGCTT
656,GATGGCGTGTCATGA
657,ACAAAAAGTCCGGGA
658,GCACTTGTGACCCGC
659,TAAACTGCAAATATT
660,CTGGACTAGTCGAAA
661,CGACTCCTTACGAGC
662,TATCCTCGTTCACGA
663,GTCCGATTGTTAGGG
664,GCTGCGTAGTGAGTC
665,GTGTCGGCCTCTTAT
666,CTGGGAAATAACTTC
667,TCAGGTGCAGTATTG
668,AAGTCCGACCACCTG
669,ATCATAAGAGATAGG
670,TTGTTCCTGATAAGA
671,AACTTGGTGATGCAC
672,TGGCGGTACAAAATC
673,CCCCGGCCCTAGCTA
674,CCGATTGCCGTGGTT
675,CACTCGCCCGATTCG
676,GGATCAACTACAACG
677,TGCAACGCTAAGCTT
678,CCTCCGCGCGCCTGG
679,ATTGCCTTTCCTAAA
680,GCCGACAACTGGTCT
681,TCGTATCGTAGCAGT
682,CGAATAGGTTCAAAA
683,ATGGCCGGTAGGGGG
684,GCCTTACCCCAAAGG
685,TCATGCTCTGCACGA
686,CTGGTCTTTGAATAG
687,CCATAGCTAGCACAC
688,AGTACGGACCAACCA
689,ACAAGGAGTGAGTCT
690,GATGTCTGAACAAAT
691,ATTACTTAGCTGAGA
692,CTTGCTTTGGCTACC
693,AGGAATCTGTAGGGC
694,TTATCTATATCTATG
695,CGCCCGTAGATTCTA
696,GATACACCATGCTAA
697,TCCTTTGCCTCCTTC
698,AATTACGGTGGTAAC
699,TCCATCCAATGAACC
700,AGGGGCTATATCGAT
701,TACGGCTGACTCACG
702,TCGATCAAACAGCAG
703,GACTACAAACTGAAT
704,AACTGAGCACTTCGT
705,AGCTCGTCACCCTTG
706,TGACTTAGTAGATGA
707,AGATAAATTCTGAGA
708,TCACGCCTTGTATTA
709,TATAGACTACCCGTG
710,CGGAGTTTCGGAACG
711,TAATCCCCATATACC
712,AGCAACAAGCATTGT
713,TCGCTAGGGACAATA
714,CGCTGCTTCCCCCAT
715,GTTATTGCGGAGATT
716,AAATTAACTGTACAC
717,ATAACGGGAGCGCTA
718,AGTATAAACGCGCAT
719,AGACTTGTGCTAATG
720,AGCGGTTCAGCGTCC
721,ATCTGTTTGAAAGAA
722,CAACATAACACTTTG
723,CGCTAGATCGAGGAC
724,CACCCGACTCTTAGG
725,CTATTACACAAGACG
726,GGCTTTAAATACTTT
727,TCACATAACAGGATC
728,CACTTACAGAACTAT
729,GTAAAGAGTCGATTA
730,CGTTCTGGGGAGCTG
731,GGACGTCAATTTCGA
732,GCGCTGTGCCATTCA
733,CATTCCTAGACTAAC
734,ATAATTGCGGTGGAG
735,GAGCAAGACACTGGA
736,ATGCGGTCTGTGACA
737,TGTCACTGCACGCAT
738,ATTTCCAATACAGAT
739,CGAAGCCGCTTGAGA
740,GGGTACCGTCATGTC
741,AACAGTCACGTCATA
742,CACGTTGATTCGGGT
743,TTGTTTCAAGATTGT
744,ACTGGAGTACCGTGT
745,CATCTACGTGTGCCT
746,GATATAGGACTCAGA
747,GTTGCGTGTGTCTTT
748,GTGTAGATTAGAAGC
749,AGGAGCCCGTTCTAG
750,GCTCCTCTCGACAGA
751,GCTCAACTCACATAA
752,TCGCCGTCATTTACT
753,ACGTAGGGAAGGGAA
754,GAAAAGGTTGGTCAA
755,GAACATGGTATACTG
756,GGGAAAATAGAGTTC
757,CACCTAAGCCATATT
758,GATCCATGTGTTTTT
759,CGGAATGGCCCAAAA
760,CAAACCTTCGGTCCG
761,TGTGGCGCGCAAGGC
762,TCGGTTTTATACTTA
763,TCAGACAGCAACGAC
764,GACGATCTTGGCCTT
765,CTCTGTGGTTAAAAA
766,TCCAAATTCAATGTA
767,GGGTCAAAGTAGCGC
768,TGAACGCCTACTTTA
769,GCCATCTTAAGCTGT
770,AGGTGATCGCCAGGT
771,TGATAACAACGCCCC
772,GGCGCGGCTAAGCCG
773,TCCGAGTCCCCGATC
774,AGTCGATTTTCCGAC
775,CGTAACTGTTGTGGA
776,AGATAACTTGTACGC
777,CCGATGAGAGGCCGT
778,GCATCCAATGGACTT
779,GCGACGAGACTAGAT
780,ACGCAGTTAGAAGGA
781,CCACTAATTATTCAC
782,CGGCTCATAACTCGT
783,GTCTCCTCTGGGCGC
784,CTGCGTAAGTGGGCG
785,TCGGTGACGCGGCAG
786,TGCGGCGTCTGCAGC
787,CATCCTGACCGCTTA
788,AAATATCAGAGTGCG
789,CCTTGGACTACTGGC
790,TACGCATTAGACATA
791,CTCCAAGATTCTAGC
792,GTGCTAGCTCGATGA
793,GTGGCTCGGCACTAC
794,TCGCGTATGATAACG
795,CTTTCCCCAATCACC
796,GTCAGCCTTAAATGG
797,AGAAGTCCTGTACGC
798,CGCATGGGTCCTGTC
799,CATAGGATCGGTTCG
800,TGGTGGACGGGGGCT
801,TTATAGTGCCTTGGC
802,TATGGGTATACACCT
803,CCACATCTAGATCAT
804,CCACGGCGAACTCCG
805,GGATTTACGCTAAGA
806,ACGATAGTAACATCC
807,GGCCATGTGCTTTGC
808,TCAGAACTAAGGTTG
809,CTACTAGCACGAGCA
810,ATAGGCTTACGATGC
811,CTTCCCGGCAGACCA
812,TCAACAGTCTAGGTG
813,ACTTCCGGATCAATT
814,ATGCAACGATAAACC
815,TACCCATTAGCTCTT
816,TAGTACGGCCGACAG
817,GGTAGAAAGTTTGTC
818,GGGTAGAAGCAGTGA
819,ACTATAGGAGTTTCG
820,AATCGGGTCGACACT
821,TGGGGAGAATTAGCA
822,AATTTTCGCATTTCC
823,CTCCTTGCAAGCCTG
824,GGAGTAAACCTCTAG
825,CCATACGCTGCAGCG
826,TCGAGTAACGGCCGT
827,AAGATTTCTTTCGGC
828,ATGTAGGTGTCGGAA
829,CAGCTGCGGTCTCAT
830,GCTAGTCTTCTCTCG
831,CTGGTCGGGGCCCCG
832,GATTTTCTAACGATA
833,TGCTAATTCTGGCAA
834,TTCCATGCTCGCACG
835,CCGATACGATTCAAA
836,ACCGTCTTTTGCTCA
837,CCCGGACAACGTGCT
838,GTAGTATGACAGCTG
839,AGACTTGGGATGTGG
840,GACGTCCTGTGGTTA
841,TCACTCGATGATCTT
842,TGTCCGGGCCCAGGT
843,TAACCGCTGCAGGAA
844,ATCCAACATACCTTC
845,CATGCCGGAGTAACG
846,CAGCTCTTCAAAATC
847,TCTTAACGCCGATTG
848,GGCCCAGACAGTCCT
849,TATAGTTCTCCCCGT
850,TGCTAGCTGGTCCGT
851,TAAGCCGCCCTAGGT
852,GTCACAAGCATACGT
853,GCCGCGGGCAACGTC
854,ATACCTGAAGGATCT
855,CTATGCGTTTTTCTG
856,ATATGCCGTGGAAAT
857,CTCAAATTGCTCTTA
858,CAACTCATTGAACCC
859,GCGAGACCGAGTACC
860,CCGTTAACCGAGACC
861,AGGTAACACCCGGGT
862,GGTAGCGGCGTTTAC
863,GATCTTTCCGATCCC
864,AGACCTTGAATGGGC
865,ACATGGGACTATTGG
866,CGCGACCAGCGTTCC
867,GCTGCCCGATTCGGC
868,TGCAGTAGCCGCGGG
869,TCATCATCGTGACCC
870,TAATTGGGTTCCGGG
871,CGTAAGCGCGTGATA
872,CTGCTAAGGTGAGAC
873,GTCACATAGCTTCTA
874,TCCTAGGGAACCGCT
875,GAATGTACCCAGCTG
876,TAACGGGTATTGCAG
877,AAAGTCAATGATAAG
878,GTCCCACGCGTTTCA
879,CCCAATATCGTGAGG
880,AAGTTGCGCAGAGAG
881,TGACATCTGTCTAGT
882,AACTTTGCTGGCTTT
883,AACTTGGTAATAAAA
884,GAAATATACGCTTCC
885,CCGAATGACGATAGA
886,CCCTTCGCGGGGTTA
887,TATAGTTGATAGAGC
888,GCCCGCATTAACGAT
889,CTACCGCACCTTCGG
890,ACCCATCTTCCGCCG
891,CGGGTATTACTCGCT
892,ATTAATCCGCTATGA
893,GACTCTCAAATCTTG
894,GTACGGATAAATAGT
895,TAACATGCTAGAAAC
896,AGACAGTTCGCATCC
897,AAGCCCACTGTCTCC
898,GGAGTGTTTGTTTAG
899,AACCGTCGCACAGTA
900,TACAGCAATACTCGT
901,CTTGGTGTCATCTAT
902,GAAGAGAACTTGGCA
903,TCTCATGCACAGAAT
904,ACGCTACGTAAGGCA
905,CGGAAAAATAAGCGA
906,TATGCGAATCTGGTC
907,ACGGATTTACTTGAT
908,TCCTCAAGAGAACCA
909,TGAGTCCGCACGGCC
910,TTTACAGGAATATCT
911,GACTGGAGCGTATCT
912,GTATGCCAAGGCTCC
913,CGAATACTATCTTGC
914,AGGGAAACGGCTGAT
915,CTACCGTAGCCAAAA
916,AGATCGATGAACGCG
917,ACATATCCTCCAGAA
918,TGCAGCGGTGTTTCG
919,TATGCATGCCGATGA
920,ACGGGGTAGAGCGGG
921,GAGTAAATTCGGATA
922,ATCTAAGAGTGGAGG
923,GCGGCGGACGAGGGG
924,GAGACATGGAAACAA
925,GAAGCTGGACGTACC
926,CCCAGCTGCTCCTTA
927,GGGCCGTCGTTCCTG
928,AATATAAAGCGCCCC
929,GCCGCATTGCTCGTA
930,TTCAACATACTTCAC
931,CCAGGACGTTAAAAT
932,CTTATGTGAGATTTG
933,CACGTTCATGACGAT
934,CCCCTATGCGACATC
935,ATGATTGGCAGTCAG
936,TGTGACCCCTGGTAG
937,TCTCTGTAGACAACG
938,AAAGTCGGAAAAATG
939,TCGCGACTAGAACGC
940,ATTAACCTTCACCAT
941,CCCCCCTCCATAGAC
942,CGTAGGAGATACTCG
943,CAAAGATGTCTCCAT
944,ATTTTTTGCGCTTTG
945,GTAAGTAATCACCGT
946,TCAATATAACATGCA
947,CCCGCTGACCGCGGT
948,TAAGGGCTAAGTGCC
949,TACGCGGCGGCTGAT
950,TGGAAACAGACAAGC
951,CTGTCCTACTCGAAA
952,TATAATACGGGCTAA
953,TCCACACAAAAGAAT
954,CCTGGTTGATGGGAG
955,AACCATGTTTCTGAG
956,ACGGGATCTACGGGT
957,CGAGTGTTATCACAG
958,GGAAAACAGCAGTGT
959,CTTCTCCTCGCTCCA
960,GGGCTTCGATGTCGC
961,TGTGATGCCGTCCAC
962,TGGGTCTCCGGCGAT
963,AAGTCGGCAGGGGGA
964,ATAGGCGGAAACCAT
965,CCACTTCCAGTAGAA
966,GCGGAGAATATCCCC
967,CCTCCCAGGGAGGTA
968,TCCTCACTACGCAAG
969,GCTGAGATCCCCACA
970,AGCGTTGGTAAGCCG
971,TACTTCACTATTCCA
972,GTGAAGAGCTTGGTG
973,GAAGGGTACCTCCGG
974,ACGTCGTGATGAGAC
975,ATTGGGGGTGGGTTA
976,TGCTTAAATTCTGTG
977,TTCACGTCGCTAGGT
978,GCAGTGTGGCGCAGT
979,ACGTCCAAAGGTTCC
980,CGTGTAGGTCTGCCA
981,TGGCGCGCCGGGTTT
982,AACCTAGCGTACTAC
983,GGGTGTATTTAGAGG
984,CTGGGAAGCTTGTAT
985,ACTTTGTCAGAGGCG
986,ATCGGTAGGTAACTC
987,ATTGAAATGTGAGCG
988,TGAATATCATCTACT
989,AGCCTCTGCGCAGGT
990,TGCGGGTGAGATCAC
991,CTGTTGCGCGCCAGA
992,TAATAAGGTTACCTG
993,CATAGCGCCCCCTGT
994,CTTTATGAGTCGCAG
995,TGATGGAGGCGCAGT
996,ACAGCTGGTCATTGA
997,AACCGCATGTATAGC
998,TCTGAACACACCCTG
999,GAGACGAATTATGTT
1000,GTTGTGGGCATACAT
1001,GGAAGCTGAAGCATT
1002,TTAAAGCGACCTTAC
1003,GCAAGAGATGTCATG
1004,CGCAAACGGGTACGT
1005,TCCGCGGGTAGTTGA
1006,GTGCCTTTTCGAAAT
1007,AACAGCGGTGCGTTG
1008,AGCGATCGTACCAGT
1009,TTTGGAGCAACTGTT
1010,TGCGGTGGGATGCGG
1011,GACCATCGACCGGGA
1012,GCCACTCTTCAGAAC
1013,GTCCGCTCACCTTGC
1014,CGCCGGAAGAAAGAA
1015,TTAGTTCTTTGTGAA
1016,AACAATTTGGATACA
1017,TTTGTAGGGACGAAT
1018,AAGTTTGCGGTTGCC
1019,CGCAAGGACTCATCA
1020,TGAACACATTATAAG
1021,AGAGTTTGGCGGCCC
1022,TAGGTCTCGTTGAAG
1023,AAGTATTGAGCCTTA
